created_at,entry_id,field2
2015-12-03 22:10:03 UTC,11393,88
2015-12-03 22:11:35 UTC,11396,88
2015-12-03 22:11:52 UTC,11397,88
2015-12-03 22:12:44 UTC,11399,88
2015-12-03 22:17:33 UTC,11408,89
2015-12-03 22:31:11 UTC,11434,91
2015-12-03 22:36:07 UTC,11443,91
2015-12-03 22:58:21 UTC,11485,93
2015-12-03 23:04:17 UTC,11496,93
2015-12-03 23:07:15 UTC,11502,94
2015-12-03 23:13:10 UTC,11514,94
2015-12-03 23:19:09 UTC,11526,95
2015-12-03 23:25:04 UTC,11536,96
2015-12-03 23:28:03 UTC,11542,97
2015-12-03 23:34:00 UTC,11554,99
2015-12-03 23:39:58 UTC,11565,97
2015-12-03 23:42:57 UTC,11571,96
2015-12-03 23:48:55 UTC,11583,98
2015-12-03 23:57:52 UTC,11600,101
2015-12-04 00:03:50 UTC,11611,104
2015-12-04 00:09:44 UTC,11622,103
2015-12-04 00:12:42 UTC,11628,103
2015-12-04 00:18:38 UTC,11640,105
2015-12-04 00:27:34 UTC,11657,106
2015-12-04 00:33:28 UTC,11669,106
2015-12-04 00:39:28 UTC,11680,107
2015-12-04 00:42:27 UTC,11686,108
2015-12-04 00:48:22 UTC,11698,109
2015-12-04 00:54:19 UTC,11709,110
2015-12-04 00:57:17 UTC,11715,111
2015-12-04 01:03:16 UTC,11727,110
2015-12-04 01:09:12 UTC,11738,111
2015-12-04 01:12:13 UTC,11744,112
2015-12-04 01:18:12 UTC,11755,110
2015-12-04 01:21:10 UTC,11761,108
2015-12-04 01:27:05 UTC,11773,106
2015-12-04 01:33:03 UTC,11784,106
2015-12-04 01:38:56 UTC,11795,105
2015-12-04 01:41:55 UTC,11801,107
2015-12-04 01:47:50 UTC,11813,105
2015-12-04 01:53:47 UTC,11824,107
2015-12-04 01:59:43 UTC,11835,106
2015-12-04 02:02:39 UTC,11841,106
2015-12-04 02:08:36 UTC,11853,106
2015-12-04 02:14:30 UTC,11864,106
2015-12-04 02:17:31 UTC,11870,106
2015-12-04 02:23:29 UTC,11882,106
2015-12-04 02:29:22 UTC,11893,105
2015-12-04 02:32:20 UTC,11899,104
2015-12-04 02:38:12 UTC,11911,105
2015-12-04 02:44:09 UTC,11923,106
2015-12-04 02:50:04 UTC,11934,106
2015-12-04 02:53:03 UTC,11940,104
2015-12-04 02:56:01 UTC,11946,104
2015-12-04 02:58:59 UTC,11952,106
2015-12-04 03:04:55 UTC,11963,105
2015-12-04 03:10:49 UTC,11974,105
2015-12-04 03:13:47 UTC,11980,104
2015-12-04 03:19:42 UTC,11992,104
2015-12-04 03:25:38 UTC,12003,106
2015-12-04 03:31:34 UTC,12014,104
2015-12-04 03:34:33 UTC,12020,104
2015-12-04 03:40:36 UTC,12031,103
2015-12-04 03:43:32 UTC,12037,105
2015-12-04 03:49:28 UTC,12049,105
2015-12-04 03:55:24 UTC,12060,105
2015-12-04 03:58:23 UTC,12066,105
2015-12-04 04:01:19 UTC,12072,103
2015-12-04 04:04:19 UTC,12078,105
2015-12-04 04:10:18 UTC,12089,103
2015-12-04 04:13:17 UTC,12095,101
2015-12-04 04:19:15 UTC,12107,104
2015-12-04 04:25:11 UTC,12118,103
2015-12-04 04:28:08 UTC,12124,103
2015-12-04 04:34:06 UTC,12136,104
2015-12-04 04:39:59 UTC,12147,104
2015-12-04 04:45:56 UTC,12157,102
2015-12-04 04:48:54 UTC,12163,102
2015-12-04 04:54:51 UTC,12175,101
2015-12-04 05:00:50 UTC,12186,102
2015-12-04 05:03:49 UTC,12192,102
2015-12-04 05:09:44 UTC,12204,100
2015-12-04 05:15:37 UTC,12215,102
2015-12-04 05:21:37 UTC,12226,102
2015-12-04 05:24:33 UTC,12232,99
2015-12-04 05:30:30 UTC,12244,102
2015-12-04 05:36:29 UTC,12255,102
2015-12-04 05:39:25 UTC,12261,102
2015-12-04 05:45:23 UTC,12273,102
2015-12-04 05:54:23 UTC,12290,101
2015-12-04 06:00:21 UTC,12301,101
2015-12-04 06:03:19 UTC,12307,102
2015-12-04 06:06:15 UTC,12313,101
2015-12-04 06:09:14 UTC,12319,101
2015-12-04 06:15:10 UTC,12330,101
2015-12-04 06:21:05 UTC,12341,101
2015-12-04 06:24:03 UTC,12347,101
2015-12-04 06:29:59 UTC,12359,101
2015-12-04 06:35:58 UTC,12370,101
2015-12-04 06:38:58 UTC,12376,101
2015-12-04 06:44:50 UTC,12388,101
2015-12-04 06:50:46 UTC,12400,101
2015-12-04 06:53:48 UTC,12406,101
2015-12-04 06:59:47 UTC,12418,101
2015-12-04 07:05:43 UTC,12429,97
2015-12-04 07:08:42 UTC,12435,101
2015-12-04 07:14:39 UTC,12447,100
2015-12-04 07:23:38 UTC,12464,100
2015-12-04 07:29:34 UTC,12475,100
2015-12-04 07:32:34 UTC,12481,100
2015-12-04 07:38:32 UTC,12493,97
2015-12-04 07:44:28 UTC,12504,100
2015-12-04 07:47:28 UTC,12510,100
2015-12-04 07:53:46 UTC,12522,100
2015-12-04 07:59:44 UTC,12533,100
2015-12-04 08:02:42 UTC,12539,96
2015-12-04 08:08:40 UTC,12551,99
2015-12-04 08:17:43 UTC,12568,99
2015-12-04 08:23:40 UTC,12579,99
2015-12-04 08:26:39 UTC,12585,99
2015-12-04 08:32:32 UTC,12597,99
2015-12-04 08:38:26 UTC,12608,99
2015-12-04 08:44:24 UTC,12619,99
2015-12-04 08:47:21 UTC,12625,98
2015-12-04 08:53:16 UTC,12637,98
2015-12-04 08:59:12 UTC,12648,98
2015-12-04 09:02:11 UTC,12654,99
2015-12-04 09:08:07 UTC,12666,98
2015-12-04 09:14:06 UTC,12677,98
2015-12-04 09:17:08 UTC,12683,98
2015-12-04 09:23:04 UTC,12695,98
2015-12-04 09:29:01 UTC,12706,98
2015-12-04 09:32:00 UTC,12712,98
2015-12-04 09:37:54 UTC,12724,98
2015-12-04 09:43:54 UTC,12735,98
2015-12-04 09:46:53 UTC,12741,98
2015-12-04 09:52:49 UTC,12753,98
2015-12-04 10:01:48 UTC,12770,98
2015-12-04 10:07:46 UTC,12781,98
2015-12-04 10:10:45 UTC,12787,98
2015-12-04 10:16:41 UTC,12799,98
2015-12-04 10:22:36 UTC,12810,98
2015-12-04 10:28:32 UTC,12821,97
2015-12-04 10:31:31 UTC,12827,98
2015-12-04 10:37:26 UTC,12838,98
2015-12-04 10:43:21 UTC,12849,96
2015-12-04 10:52:17 UTC,12866,97
2015-12-04 10:58:15 UTC,12877,97
2015-12-04 11:01:13 UTC,12883,97
2015-12-04 11:07:07 UTC,12895,97
2015-12-04 11:13:06 UTC,12907,97
2015-12-04 11:16:07 UTC,12913,97
2015-12-04 11:22:02 UTC,12925,97
2015-12-04 11:27:59 UTC,12936,97
2015-12-04 03:34:33 UTC,12020,104
2015-12-04 03:40:36 UTC,12031,103
2015-12-04 03:43:32 UTC,12037,105
2015-12-04 03:49:28 UTC,12049,105
2015-12-04 03:55:24 UTC,12060,105
2015-12-04 03:58:23 UTC,12066,105
2015-12-04 04:01:19 UTC,12072,103
2015-12-04 04:04:19 UTC,12078,105
2015-12-04 04:10:18 UTC,12089,103
2015-12-04 04:13:17 UTC,12095,101
2015-12-04 04:19:15 UTC,12107,104
2015-12-04 04:25:11 UTC,12118,103
2015-12-04 04:28:08 UTC,12124,103
2015-12-04 04:34:06 UTC,12136,104
2015-12-04 04:39:59 UTC,12147,104
2015-12-04 04:45:56 UTC,12157,102
2015-12-04 04:48:54 UTC,12163,102
2015-12-04 04:54:51 UTC,12175,101
2015-12-04 05:00:50 UTC,12186,102
2015-12-04 05:03:49 UTC,12192,102
2015-12-04 05:09:44 UTC,12204,100
2015-12-04 05:15:37 UTC,12215,102
2015-12-04 05:21:37 UTC,12226,102
2015-12-04 05:24:33 UTC,12232,99
2015-12-04 05:30:30 UTC,12244,102
2015-12-04 05:36:29 UTC,12255,102
2015-12-04 05:39:25 UTC,12261,102
2015-12-04 05:45:23 UTC,12273,102
2015-12-04 05:54:23 UTC,12290,101
2015-12-04 06:00:21 UTC,12301,101
2015-12-04 06:03:19 UTC,12307,102
2015-12-04 06:06:15 UTC,12313,101
2015-12-04 06:09:14 UTC,12319,101
2015-12-04 06:15:10 UTC,12330,101
2015-12-04 06:21:05 UTC,12341,101
2015-12-04 06:24:03 UTC,12347,101
2015-12-04 06:29:59 UTC,12359,101
2015-12-04 06:35:58 UTC,12370,101
2015-12-04 06:38:58 UTC,12376,101
2015-12-04 06:44:50 UTC,12388,101
2015-12-04 06:50:46 UTC,12400,101
2015-12-04 06:53:48 UTC,12406,101
2015-12-04 06:59:47 UTC,12418,101
2015-12-04 07:05:43 UTC,12429,97
2015-12-04 07:08:42 UTC,12435,101
2015-12-04 07:14:39 UTC,12447,100
2015-12-04 07:23:38 UTC,12464,100
2015-12-04 07:29:34 UTC,12475,100
2015-12-04 07:32:34 UTC,12481,100
2015-12-04 07:38:32 UTC,12493,97
2015-12-04 07:44:28 UTC,12504,100
2015-12-04 07:47:28 UTC,12510,100
2015-12-04 07:53:46 UTC,12522,100
2015-12-04 07:59:44 UTC,12533,100
2015-12-04 08:02:42 UTC,12539,96
2015-12-04 08:08:40 UTC,12551,99
2015-12-04 08:17:43 UTC,12568,99
2015-12-04 08:23:40 UTC,12579,99
2015-12-04 08:26:39 UTC,12585,99
2015-12-04 08:32:32 UTC,12597,99
2015-12-04 08:38:26 UTC,12608,99
2015-12-04 08:44:24 UTC,12619,99
2015-12-04 08:47:21 UTC,12625,98
2015-12-04 08:53:16 UTC,12637,98
2015-12-04 08:59:12 UTC,12648,98
2015-12-04 09:02:11 UTC,12654,99
2015-12-04 09:08:07 UTC,12666,98
2015-12-04 09:14:06 UTC,12677,98
2015-12-04 09:17:08 UTC,12683,98
2015-12-04 09:23:04 UTC,12695,98
2015-12-04 09:29:01 UTC,12706,98
2015-12-04 09:32:00 UTC,12712,98
2015-12-04 09:37:54 UTC,12724,98
2015-12-04 09:43:54 UTC,12735,98
2015-12-04 09:46:53 UTC,12741,98
2015-12-04 09:52:49 UTC,12753,98
2015-12-04 10:01:48 UTC,12770,98
2015-12-04 10:07:46 UTC,12781,98
2015-12-04 10:10:45 UTC,12787,98
2015-12-04 10:16:41 UTC,12799,98
2015-12-04 10:22:36 UTC,12810,98
2015-12-04 10:28:32 UTC,12821,97
2015-12-04 10:31:31 UTC,12827,98
2015-12-04 10:37:26 UTC,12838,98
2015-12-04 10:43:21 UTC,12849,96
2015-12-04 10:52:17 UTC,12866,97
2015-12-04 10:58:15 UTC,12877,97
2015-12-04 11:01:13 UTC,12883,97
2015-12-04 11:07:07 UTC,12895,97
2015-12-04 11:13:06 UTC,12907,97
2015-12-04 11:16:07 UTC,12913,97
2015-12-04 11:22:02 UTC,12925,97
2015-12-04 11:27:59 UTC,12936,97
2015-12-04 11:30:58 UTC,12942,97
2015-12-04 11:36:56 UTC,12954,97
2015-12-04 11:42:50 UTC,12965,97
2015-12-04 11:48:45 UTC,12976,96
2015-12-04 11:51:43 UTC,12982,96
2015-12-04 11:57:42 UTC,12994,96
2015-12-04 12:03:39 UTC,13005,96
2015-12-04 12:06:39 UTC,13011,96
2015-12-04 12:15:43 UTC,13028,96
2015-12-04 12:21:41 UTC,13039,96
2015-12-04 12:24:44 UTC,13045,96
2015-12-04 12:30:42 UTC,13056,96
2015-12-04 12:33:41 UTC,13062,96
2015-12-04 12:39:36 UTC,13074,96
2015-12-04 12:45:32 UTC,13085,96
2015-12-04 12:48:32 UTC,13091,96
2015-12-04 12:54:29 UTC,13103,95
2015-12-04 13:00:27 UTC,13114,95
2015-12-04 13:03:24 UTC,13120,95
2015-12-04 13:09:24 UTC,13132,95
2015-12-04 13:15:19 UTC,13143,95
2015-12-04 13:18:17 UTC,13149,95
2015-12-04 13:24:15 UTC,13161,95
2015-12-04 13:30:11 UTC,13172,95
2015-12-04 13:33:10 UTC,13178,95
2015-12-04 13:39:05 UTC,13190,96
2015-12-04 13:45:00 UTC,13201,96
2015-12-04 13:53:56 UTC,13218,95
2015-12-04 13:59:53 UTC,13230,96
2015-12-04 14:05:48 UTC,13241,96
2015-12-04 14:08:46 UTC,13247,96
2015-12-04 14:14:42 UTC,13259,94
2015-12-04 14:20:41 UTC,13270,96
2015-12-04 14:23:40 UTC,13276,95
2015-12-04 14:29:36 UTC,13288,95
2015-12-04 14:35:31 UTC,13299,95
2015-12-04 14:38:30 UTC,13305,94
2015-12-04 14:44:26 UTC,13317,95
2015-12-04 14:50:21 UTC,13327,95
2015-12-04 14:56:15 UTC,13338,95
2015-12-04 15:05:11 UTC,13355,95
2015-12-04 15:11:07 UTC,13366,93
2015-12-04 15:20:03 UTC,13383,95
2015-12-04 15:25:58 UTC,13395,93
2015-12-04 15:31:54 UTC,13406,93
2015-12-04 15:34:52 UTC,13412,93
2015-12-04 15:40:50 UTC,13424,94
2015-12-04 15:46:47 UTC,13435,94
2015-12-04 15:49:45 UTC,13441,94
2015-12-04 15:55:38 UTC,13453,93
2015-12-04 16:01:32 UTC,13465,92
2015-12-04 16:07:29 UTC,13476,95
2015-12-04 16:10:28 UTC,13482,92
2015-12-04 16:16:26 UTC,13494,92
2015-12-04 16:22:21 UTC,13505,94
2015-12-04 16:25:19 UTC,13511,94
2015-12-04 16:31:18 UTC,13523,92
2015-12-04 16:37:14 UTC,13534,92
2015-12-04 16:40:12 UTC,13540,89
2015-12-04 16:46:08 UTC,13552,92
2015-12-04 16:52:07 UTC,13563,92
2015-12-04 16:55:05 UTC,13569,92
2015-12-04 17:01:02 UTC,13581,92
2015-12-04 17:06:59 UTC,13592,92
2015-12-04 17:09:59 UTC,13598,92
2015-12-04 17:15:55 UTC,13610,92
2015-12-04 17:21:49 UTC,13621,92
2015-12-04 17:27:44 UTC,13632,93
2015-12-04 17:30:43 UTC,13638,91
2015-12-04 17:36:38 UTC,13650,91
2015-12-04 17:42:33 UTC,13661,91
2015-12-04 17:48:30 UTC,13672,93
2015-12-04 17:51:28 UTC,13678,91
2015-12-04 17:57:27 UTC,13689,91
2015-12-04 18:00:27 UTC,13695,91
2015-12-04 18:06:24 UTC,13707,91
2015-12-04 18:12:21 UTC,13718,91
2015-12-04 18:15:20 UTC,13724,92
2015-12-04 18:21:18 UTC,13735,92
2015-12-04 18:27:12 UTC,13746,91
2015-12-04 18:33:08 UTC,13757,92
2015-12-04 18:36:06 UTC,13763,91
2015-12-04 18:41:59 UTC,13775,90
2015-12-04 18:47:57 UTC,13786,89
2015-12-04 18:50:56 UTC,13792,90
2015-12-04 18:53:51 UTC,13798,90
2015-12-04 18:56:49 UTC,13804,92
2015-12-04 19:02:42 UTC,13816,90
2015-12-04 19:08:38 UTC,13827,92
2015-12-04 19:11:40 UTC,13833,92
2015-12-04 19:17:35 UTC,13845,92
2015-12-04 19:23:29 UTC,13856,93
2015-12-04 19:29:28 UTC,13867,91
2015-12-04 19:32:27 UTC,13873,91
2015-12-04 19:38:23 UTC,13884,90
2015-12-04 19:44:18 UTC,13895,90
2015-12-04 19:50:10 UTC,13906,90
2015-12-04 19:53:10 UTC,13912,90
2015-12-04 19:59:05 UTC,13924,92
2015-12-04 20:05:01 UTC,13935,90
2015-12-04 20:07:59 UTC,13941,90
2015-12-04 20:13:55 UTC,13953,91
2015-12-04 20:19:55 UTC,13964,89
2015-12-04 20:22:55 UTC,13970,91
2015-12-04 20:28:54 UTC,13982,91
2015-12-04 20:37:50 UTC,13999,91
2015-12-04 20:43:48 UTC,14010,91
2015-12-04 20:52:45 UTC,14027,91
2015-12-04 20:58:42 UTC,14038,91
2015-12-04 21:01:39 UTC,14044,91
2015-12-04 21:07:34 UTC,14056,91
2015-12-04 21:13:30 UTC,14067,93
2015-12-04 21:22:27 UTC,14084,88
2015-12-04 21:28:22 UTC,14095,90
2015-12-04 21:37:16 UTC,14112,90
2015-12-04 21:43:16 UTC,14124,90
2015-12-04 21:49:11 UTC,14135,90
2015-12-04 21:52:09 UTC,14141,92
2015-12-04 21:58:02 UTC,14153,90
2015-12-04 22:03:57 UTC,14164,90
2015-12-04 22:09:52 UTC,14175,90
2015-12-04 22:12:50 UTC,14181,90
2015-12-04 22:18:46 UTC,14193,90
2015-12-04 22:24:44 UTC,14204,90
2015-12-04 22:27:43 UTC,14210,91
2015-12-04 22:33:38 UTC,14222,90
2015-12-04 22:39:32 UTC,14233,90
2015-12-04 22:45:29 UTC,14244,91
2015-12-04 22:48:29 UTC,14250,90
2015-12-04 22:54:32 UTC,14262,90
2015-12-04 22:57:29 UTC,14268,90
2015-12-04 23:03:25 UTC,14280,90
2015-12-04 23:09:22 UTC,14291,90
2015-12-04 23:12:20 UTC,14297,90
2015-12-04 23:18:16 UTC,14309,89
2015-12-04 23:21:14 UTC,14314,89
2015-12-04 23:24:12 UTC,14320,89
2015-12-04 23:30:08 UTC,14331,89
2015-12-04 23:33:06 UTC,14337,89
2015-12-04 23:39:03 UTC,14349,89
2015-12-04 23:44:56 UTC,14360,89
2015-12-04 23:50:54 UTC,14371,89
2015-12-04 23:53:53 UTC,14377,89
2015-12-04 23:59:51 UTC,14388,89
2015-12-05 00:08:46 UTC,14405,89
2015-12-05 00:14:41 UTC,14416,90
2015-12-05 00:17:45 UTC,14422,89
2015-12-05 00:23:41 UTC,14434,89
2015-12-05 00:29:37 UTC,14445,89
2015-12-05 00:32:36 UTC,14451,87
2015-12-05 00:38:32 UTC,14463,89
2015-12-05 00:44:26 UTC,14474,89
2015-12-05 00:50:22 UTC,14485,89
2015-12-05 00:53:20 UTC,14491,87
2015-12-05 00:59:16 UTC,14503,87
2015-12-05 01:05:13 UTC,14514,87
2015-12-05 01:08:13 UTC,14520,87
2015-12-05 01:14:11 UTC,14532,87
2015-12-05 01:23:08 UTC,14549,87
2015-12-05 01:29:03 UTC,14560,84
2015-12-05 01:35:00 UTC,14571,88
2015-12-05 01:37:59 UTC,14577,87
2015-12-05 01:43:57 UTC,14589,88
2015-12-05 01:49:53 UTC,14600,87
2015-12-05 01:52:50 UTC,14606,87
2015-12-05 01:58:46 UTC,14618,87
2015-12-05 02:04:41 UTC,14629,86
2015-12-05 02:10:36 UTC,14640,86
2015-12-05 02:13:38 UTC,14646,87
2015-12-05 02:19:36 UTC,14657,86
2015-12-05 02:22:35 UTC,14663,86
2015-12-05 02:28:29 UTC,14675,86
2015-12-05 02:34:25 UTC,14686,86
2015-12-05 02:40:23 UTC,14697,86
2015-12-05 02:43:22 UTC,14703,86
2015-12-05 02:49:18 UTC,14714,86
2015-12-05 02:52:19 UTC,14720,87
2015-12-05 02:58:21 UTC,14732,87
2015-12-05 03:04:15 UTC,14743,86
2015-12-05 03:07:14 UTC,14749,86
2015-12-05 03:13:10 UTC,14761,86
2015-12-05 03:19:05 UTC,14772,86
2015-12-05 03:22:05 UTC,14778,87
2015-12-05 03:27:59 UTC,14790,87
2015-12-05 03:33:56 UTC,14802,86
2015-12-05 03:39:51 UTC,14813,86
2015-12-05 03:42:49 UTC,14819,87
2015-12-05 03:45:47 UTC,14825,87
2015-12-05 03:48:43 UTC,14831,86
2015-12-05 03:54:40 UTC,14843,86
2015-12-05 04:00:37 UTC,14854,85
2015-12-05 04:03:33 UTC,14860,85
2015-12-05 04:09:28 UTC,14872,85
2015-12-05 04:15:24 UTC,14883,84
2015-12-05 04:24:22 UTC,14900,85
2015-12-05 04:30:18 UTC,14911,87
2015-12-05 04:39:15 UTC,14928,85
2015-12-05 04:45:12 UTC,14939,85
2015-12-05 04:48:11 UTC,14945,85
2015-12-05 04:54:10 UTC,14957,85
2015-12-05 05:00:06 UTC,14968,85
2015-12-05 05:03:04 UTC,14974,85
2015-12-05 05:09:02 UTC,14986,85
2015-12-05 05:14:58 UTC,14997,85
2015-12-05 05:17:58 UTC,15003,85
2015-12-05 05:23:57 UTC,15015,81
2015-12-05 05:26:56 UTC,15021,85
2015-12-05 05:32:52 UTC,15033,81
2015-12-05 05:38:48 UTC,15044,85
2015-12-05 05:44:44 UTC,15055,82
2015-12-05 05:47:42 UTC,15061,84
2015-12-05 05:53:38 UTC,15073,84
2015-12-05 05:59:34 UTC,15084,84
2015-12-05 06:02:33 UTC,15090,84
2015-12-05 06:08:28 UTC,15102,84
2015-12-05 06:14:24 UTC,15113,84
2015-12-05 06:20:20 UTC,15124,84
2015-12-05 06:23:18 UTC,15130,84
2015-12-05 06:29:17 UTC,15142,84
2015-12-05 06:35:12 UTC,15153,84
2015-12-05 06:38:10 UTC,15159,84
2015-12-05 06:44:09 UTC,15171,84
2015-12-05 06:53:05 UTC,15188,84
2015-12-05 06:59:03 UTC,15199,84
2015-12-05 07:04:59 UTC,15210,84
2015-12-05 07:07:56 UTC,15216,84
2015-12-05 07:13:55 UTC,15228,83
2015-12-05 07:22:50 UTC,15245,83
2015-12-05 07:28:48 UTC,15256,83
2015-12-05 07:31:46 UTC,15262,83
2015-12-05 07:34:43 UTC,15268,83
2015-12-05 07:37:39 UTC,15274,83
2015-12-05 07:43:35 UTC,15286,83
2015-12-05 07:49:32 UTC,15297,82
2015-12-05 07:52:29 UTC,15303,82
2015-12-05 07:55:26 UTC,15309,82
2015-12-05 07:58:24 UTC,15315,82
2015-12-05 08:04:23 UTC,15327,82
2015-12-05 08:10:17 UTC,15337,82
2015-12-05 08:13:15 UTC,15343,82
2015-12-05 08:16:12 UTC,15349,82
2015-12-05 08:19:09 UTC,15355,82
2015-12-05 08:25:06 UTC,15367,82
2015-12-05 08:31:03 UTC,15378,82
2015-12-05 08:34:01 UTC,15384,82
2015-12-05 08:39:55 UTC,15396,82
2015-12-05 08:45:53 UTC,15407,82
2015-12-05 08:48:50 UTC,15413,82
2015-12-05 08:51:46 UTC,15419,82
2015-12-05 08:54:44 UTC,15425,82
2015-12-05 09:00:39 UTC,15437,82
2015-12-05 09:06:39 UTC,15448,82
2015-12-05 09:09:38 UTC,15454,82
2015-12-05 09:15:36 UTC,15465,82
2015-12-05 09:21:30 UTC,15476,82
2015-12-05 09:24:27 UTC,15482,81
2015-12-05 09:30:23 UTC,15494,81
2015-12-05 09:36:22 UTC,15505,81
2015-12-05 09:39:20 UTC,15511,81
2015-12-05 09:45:16 UTC,15523,81
2015-12-05 09:51:12 UTC,15534,81
2015-12-05 09:54:10 UTC,15540,81
2015-12-05 10:00:08 UTC,15552,81
2015-12-05 10:06:04 UTC,15563,81
2015-12-05 10:09:02 UTC,15569,81
2015-12-05 10:15:01 UTC,15581,81
2015-12-05 10:20:55 UTC,15592,81
2015-12-05 10:26:51 UTC,15603,81
2015-12-05 10:29:49 UTC,15609,80
2015-12-05 10:35:46 UTC,15621,80
2015-12-05 10:41:41 UTC,15632,80
2015-12-05 10:47:33 UTC,15643,80
2015-12-05 10:50:42 UTC,15649,80
2015-12-05 10:59:37 UTC,15666,80
2015-12-05 11:05:30 UTC,15677,80
2015-12-05 11:11:23 UTC,15688,80
2015-12-05 11:17:19 UTC,15699,80
2015-12-05 11:20:15 UTC,15705,80
2015-12-05 11:26:10 UTC,15717,80
2015-12-05 11:32:08 UTC,15728,80
2015-12-05 11:35:07 UTC,15734,79
2015-12-05 11:40:58 UTC,15746,79
2015-12-05 11:46:57 UTC,15758,79
2015-12-05 11:52:51 UTC,15769,79
2015-12-05 11:58:45 UTC,15780,79
2015-12-05 12:01:45 UTC,15786,79
2015-12-05 12:07:38 UTC,15797,79
2015-12-05 12:13:36 UTC,15808,79
2015-12-05 12:16:36 UTC,15814,79
2015-12-05 12:22:31 UTC,15825,79
2015-12-05 12:28:23 UTC,15836,79
2015-12-05 12:34:21 UTC,15847,79
2015-12-05 12:37:19 UTC,15853,79
2015-12-05 12:43:15 UTC,15864,79
2015-12-05 12:49:10 UTC,15875,79
2015-12-05 12:52:08 UTC,15881,78
2015-12-05 12:58:04 UTC,15893,79
2015-12-05 13:04:00 UTC,15904,78
2015-12-05 13:09:55 UTC,15915,78
2015-12-05 13:12:53 UTC,15921,79
2015-12-05 13:18:48 UTC,15933,78
2015-12-05 13:24:47 UTC,15944,78
2015-12-05 13:27:45 UTC,15950,78
2015-12-05 13:33:39 UTC,15962,78
2015-12-05 13:39:35 UTC,15973,78
2015-12-05 13:45:30 UTC,15984,78
2015-12-05 13:48:28 UTC,15990,78
2015-12-05 13:54:26 UTC,16002,78
2015-12-05 14:00:23 UTC,16013,78
2015-12-05 14:03:21 UTC,16019,78
2015-12-05 14:09:16 UTC,16031,78
2015-12-05 14:15:12 UTC,16042,78
2015-12-05 14:18:11 UTC,16048,78
2015-12-05 14:24:06 UTC,16060,78
2015-12-05 14:30:07 UTC,16071,79
2015-12-05 14:33:06 UTC,16077,79
2015-12-05 14:39:04 UTC,16089,78
2015-12-05 14:45:00 UTC,16100,78
2015-12-05 14:47:59 UTC,16106,78
2015-12-05 14:53:54 UTC,16117,78
2015-12-05 14:59:49 UTC,16128,77
2015-12-05 15:05:43 UTC,16139,80
2015-12-05 15:08:41 UTC,16145,77
2015-12-05 15:14:37 UTC,16157,77
2015-12-05 15:20:33 UTC,16168,78
2015-12-05 15:23:29 UTC,16174,79
2015-12-05 15:29:25 UTC,16186,78
2015-12-05 15:35:21 UTC,16197,77
2015-12-05 15:41:16 UTC,16208,77
2015-12-05 15:44:14 UTC,16214,77
2015-12-05 15:50:10 UTC,16226,78
2015-12-05 15:56:06 UTC,16237,80
2015-12-05 15:59:04 UTC,16243,77
2015-12-05 16:05:00 UTC,16255,78
2015-12-05 16:10:56 UTC,16266,78
2015-12-05 16:19:54 UTC,16283,78
2015-12-05 16:25:48 UTC,16294,78
2015-12-05 16:31:44 UTC,16305,78
2015-12-05 16:34:41 UTC,16311,78
2015-12-05 16:40:40 UTC,16323,78
2015-12-05 16:46:38 UTC,16334,78
2015-12-05 16:49:37 UTC,16340,78
2015-12-05 16:55:35 UTC,16351,78
2015-12-05 16:58:34 UTC,16357,79
2015-12-05 17:04:29 UTC,16369,78
2015-12-05 17:10:26 UTC,16380,78
2015-12-05 17:19:24 UTC,16397,78
2015-12-05 17:25:19 UTC,16408,77
2015-12-05 17:31:16 UTC,16418,78
2015-12-05 17:34:13 UTC,16424,78
2015-12-05 17:40:10 UTC,16436,77
2015-12-05 17:46:09 UTC,16447,76
2015-12-05 17:49:06 UTC,16453,77
2015-12-05 17:55:02 UTC,16465,76
2015-12-05 18:00:57 UTC,16476,76
2015-12-05 18:06:56 UTC,16487,75
2015-12-05 18:12:49 UTC,16498,76
2015-12-05 18:15:48 UTC,16504,77
2015-12-05 18:18:45 UTC,16510,76
2015-12-05 18:21:42 UTC,16516,76
2015-12-05 18:27:35 UTC,16528,76
2015-12-05 18:30:30 UTC,16534,77
2015-12-05 18:33:29 UTC,16540,76
2015-12-05 18:39:24 UTC,16551,77
2015-12-05 18:48:21 UTC,16568,77
2015-12-05 18:54:19 UTC,16579,78
2015-12-05 18:57:18 UTC,16585,77
2015-12-05 19:03:16 UTC,16597,76
2015-12-05 19:09:14 UTC,16608,77
2015-12-05 19:12:11 UTC,16614,76
2015-12-05 19:18:07 UTC,16626,76
2015-12-05 19:24:07 UTC,16637,76
2015-12-05 19:27:05 UTC,16643,77
2015-12-05 19:32:59 UTC,16655,78
2015-12-05 19:38:56 UTC,16666,78
2015-12-05 19:41:55 UTC,16672,75
2015-12-05 19:44:52 UTC,16678,75
2015-12-05 19:47:49 UTC,16684,77
2015-12-05 19:53:46 UTC,16696,75
2015-12-05 19:59:38 UTC,16707,75
2015-12-05 20:02:38 UTC,16713,75
2015-12-05 20:08:34 UTC,16725,75
2015-12-05 20:14:34 UTC,16736,76
2015-12-05 20:17:32 UTC,16742,75
2015-12-05 20:23:27 UTC,16754,75
2015-12-05 20:29:22 UTC,16765,75
2015-12-05 20:35:19 UTC,16776,76
2015-12-05 20:38:18 UTC,16782,76
2015-12-05 20:44:17 UTC,16793,76
2015-12-05 20:47:15 UTC,16799,75
2015-12-05 20:53:10 UTC,16811,75
2015-12-05 20:59:06 UTC,16822,75
2015-12-05 21:05:02 UTC,16833,75
2015-12-05 21:08:03 UTC,16839,76
2015-12-05 21:13:59 UTC,16850,76
2015-12-05 21:19:55 UTC,16861,75
2015-12-05 21:22:56 UTC,16867,76
2015-12-05 21:28:54 UTC,16878,76
2015-12-05 21:34:50 UTC,16889,75
2015-12-05 21:37:53 UTC,16895,76
2015-12-05 21:43:56 UTC,16907,76
2015-12-05 21:49:51 UTC,16918,75
2015-12-05 21:55:45 UTC,16929,74
2015-12-05 22:01:41 UTC,16940,76
2015-12-05 22:04:38 UTC,16946,75
2015-12-05 22:10:33 UTC,16958,74
2015-12-05 22:16:27 UTC,16969,76
2015-12-05 22:19:29 UTC,16975,76
2015-12-05 22:22:24 UTC,16981,74
2015-12-05 22:25:24 UTC,16987,75
2015-12-05 22:31:19 UTC,16998,74
2015-12-05 22:37:15 UTC,17009,74
2015-12-05 22:40:13 UTC,17015,75
2015-12-05 22:46:12 UTC,17027,77
2015-12-05 22:52:06 UTC,17038,76
2015-12-05 22:58:02 UTC,17049,75
2015-12-05 23:01:02 UTC,17055,74
2015-12-05 23:06:58 UTC,17067,74
2015-12-05 23:12:56 UTC,17078,75
2015-12-05 23:15:55 UTC,17084,74
2015-12-05 23:21:50 UTC,17096,74
2015-12-05 23:27:46 UTC,17107,75
2015-12-05 23:33:41 UTC,17118,75
2015-12-05 23:36:39 UTC,17124,74
2015-12-05 23:42:35 UTC,17136,75
2015-12-05 23:48:33 UTC,17147,74
2015-12-05 23:51:32 UTC,17153,74
2015-12-05 23:57:29 UTC,17164,74
2015-12-06 00:03:27 UTC,17174,75
2015-12-06 00:06:24 UTC,17180,75
2015-12-06 00:12:19 UTC,17192,74
2015-12-06 00:18:20 UTC,17203,73
2015-12-06 00:21:17 UTC,17209,75
2015-12-06 00:27:15 UTC,17221,74
2015-12-06 00:33:10 UTC,17232,73
2015-12-06 00:36:06 UTC,17238,73
2015-12-06 00:39:02 UTC,17244,75
2015-12-06 00:42:00 UTC,17250,73
2015-12-06 00:47:58 UTC,17262,73
2015-12-06 00:53:54 UTC,17273,74
2015-12-06 00:56:54 UTC,17279,75
2015-12-06 01:02:50 UTC,17290,75
2015-12-06 01:11:48 UTC,17307,73
2015-12-06 01:17:43 UTC,17318,73
2015-12-06 01:26:41 UTC,17335,73
2015-12-06 01:32:36 UTC,17346,73
2015-12-06 01:41:32 UTC,17363,73
2015-12-06 01:47:27 UTC,17374,73
2015-12-06 01:53:23 UTC,17385,73
2015-12-06 01:56:23 UTC,17391,73
2015-12-06 02:02:21 UTC,17402,73
2015-12-06 02:08:15 UTC,17413,73
2015-12-06 02:11:16 UTC,17419,73
2015-12-06 02:17:14 UTC,17430,73
2015-12-06 02:20:14 UTC,17436,73
2015-12-06 02:26:09 UTC,17448,74
2015-12-06 02:32:06 UTC,17459,73
2015-12-06 02:38:02 UTC,17470,73
2015-12-06 02:41:02 UTC,17476,74
2015-12-06 02:46:53 UTC,17487,73
2015-12-06 02:52:48 UTC,17498,73
2015-12-06 02:58:45 UTC,17509,74
2015-12-06 03:01:40 UTC,17515,74
2015-12-06 03:07:34 UTC,17527,73
2015-12-06 03:13:27 UTC,17538,73
2015-12-06 03:19:21 UTC,17549,74
2015-12-06 03:25:18 UTC,17560,75
2015-12-06 03:28:16 UTC,17566,73
2015-12-06 03:34:19 UTC,17578,74
2015-12-06 03:37:14 UTC,17584,72
2015-12-06 03:43:13 UTC,17596,73
2015-12-06 03:49:07 UTC,17607,74
2015-12-06 03:52:07 UTC,17613,73
2015-12-06 03:55:02 UTC,17619,74
2015-12-06 03:58:06 UTC,17625,75
2015-12-06 04:04:05 UTC,17636,74
2015-12-06 04:07:03 UTC,17642,74
2015-12-06 04:13:03 UTC,17654,74
2015-12-06 04:18:57 UTC,17665,74
2015-12-06 04:21:54 UTC,17671,74
2015-12-06 04:27:50 UTC,17683,74
2015-12-06 04:33:45 UTC,17694,74
2015-12-06 04:42:44 UTC,17711,74
2015-12-06 04:48:41 UTC,17722,72
2015-12-06 04:51:39 UTC,17728,72
2015-12-06 04:57:35 UTC,17740,72
2015-12-06 05:03:31 UTC,17751,73
2015-12-06 05:06:31 UTC,17757,73
2015-12-06 05:12:29 UTC,17769,72
2015-12-06 05:18:25 UTC,17780,75
2015-12-06 05:21:23 UTC,17786,73
2015-12-06 05:27:23 UTC,17798,73
2015-12-06 05:33:18 UTC,17809,73
2015-12-06 05:36:16 UTC,17815,72
2015-12-06 05:42:16 UTC,17827,72
2015-12-06 05:51:14 UTC,17844,73
2015-12-06 05:57:09 UTC,17855,73
2015-12-06 06:00:07 UTC,17861,73
2015-12-06 06:06:06 UTC,17873,72
2015-12-06 06:09:05 UTC,17878,73
2015-12-06 06:12:04 UTC,17884,72
2015-12-06 06:15:03 UTC,17890,74
2015-12-06 06:20:58 UTC,17902,73
2015-12-06 06:26:55 UTC,17913,73
2015-12-06 06:32:49 UTC,17924,72
2015-12-06 06:35:48 UTC,17930,73
2015-12-06 06:41:43 UTC,17942,72
2015-12-06 06:47:38 UTC,17953,72
2015-12-06 06:50:38 UTC,17959,73
2015-12-06 06:56:37 UTC,17971,73
2015-12-06 07:02:33 UTC,17982,72
2015-12-06 07:05:30 UTC,17988,72
2015-12-06 07:11:27 UTC,18000,72
2015-12-06 07:17:24 UTC,18011,73
2015-12-06 07:20:23 UTC,18017,73
2015-12-06 07:26:19 UTC,18029,73
2015-12-06 07:32:15 UTC,18040,74
2015-12-06 07:38:11 UTC,18051,71
2015-12-06 07:41:07 UTC,18057,71
2015-12-06 07:47:03 UTC,18069,71
2015-12-06 07:52:56 UTC,18080,71
2015-12-06 07:58:54 UTC,18091,68
2015-12-06 08:01:54 UTC,18097,74
2015-12-06 08:07:52 UTC,18108,71
2015-12-06 08:10:52 UTC,18114,73
2015-12-06 08:16:46 UTC,18126,71
2015-12-06 08:22:46 UTC,18137,72
2015-12-06 08:25:43 UTC,18143,71
2015-12-06 08:31:43 UTC,18155,71
2015-12-06 08:40:43 UTC,18172,71
2015-12-06 08:46:41 UTC,18183,71
2015-12-06 08:49:38 UTC,18189,72
2015-12-06 08:55:33 UTC,18201,71
2015-12-06 09:01:30 UTC,18212,71
2015-12-06 09:07:25 UTC,18223,71
2015-12-06 09:10:24 UTC,18229,71
2015-12-06 09:16:22 UTC,18241,73
2015-12-06 09:22:18 UTC,18252,72
2015-12-06 09:25:18 UTC,18258,71
2015-12-06 09:31:13 UTC,18269,71
2015-12-06 09:37:10 UTC,18280,72
2015-12-06 09:40:07 UTC,18286,71
2015-12-06 09:46:05 UTC,18298,71
2015-12-06 09:52:01 UTC,18309,71
2015-12-06 09:54:59 UTC,18315,71
2015-12-06 10:01:00 UTC,18327,71
2015-12-06 10:03:59 UTC,18333,71
2015-12-06 10:06:55 UTC,18339,71
2015-12-06 10:09:52 UTC,18345,71
2015-12-06 10:15:51 UTC,18357,71
2015-12-06 10:21:47 UTC,18368,71
2015-12-06 10:24:47 UTC,18374,71
2015-12-06 10:30:41 UTC,18385,71
2015-12-06 10:36:36 UTC,18396,71
2015-12-06 10:39:34 UTC,18402,71
2015-12-06 10:45:33 UTC,18414,71
2015-12-06 10:51:27 UTC,18425,71
2015-12-06 10:57:21 UTC,18436,71
2015-12-06 11:00:23 UTC,18442,70
2015-12-06 11:06:19 UTC,18453,71
2015-12-06 11:12:13 UTC,18464,71
2015-12-06 11:15:13 UTC,18470,71
2015-12-06 11:21:11 UTC,18482,71
2015-12-06 11:30:08 UTC,18499,71
2015-12-06 11:36:03 UTC,18510,72
2015-12-06 11:41:59 UTC,18521,70
2015-12-06 11:44:57 UTC,18527,70
2015-12-06 11:50:52 UTC,18539,70
2015-12-06 11:56:50 UTC,18550,70
2015-12-06 11:59:49 UTC,18556,70
2015-12-06 12:05:52 UTC,18568,70
2015-12-06 12:08:51 UTC,18574,70
2015-12-06 12:14:46 UTC,18586,70
2015-12-06 12:20:42 UTC,18597,70
2015-12-06 12:29:38 UTC,18614,70
2015-12-06 12:35:35 UTC,18625,70
2015-12-06 12:38:34 UTC,18631,70
2015-12-06 12:44:32 UTC,18643,71
2015-12-06 12:50:27 UTC,18654,70
2015-12-06 12:53:25 UTC,18660,73
2015-12-06 12:59:23 UTC,18672,70
2015-12-06 13:05:21 UTC,18683,70
2015-12-06 13:08:24 UTC,18689,70
2015-12-06 13:14:18 UTC,18700,70
2015-12-06 13:17:19 UTC,18706,70
2015-12-06 13:23:17 UTC,18718,70
2015-12-06 13:29:12 UTC,18729,70
2015-12-06 13:32:12 UTC,18735,70
2015-12-06 13:38:09 UTC,18747,70
2015-12-06 13:44:05 UTC,18758,70
2015-12-06 13:50:00 UTC,18769,70
2015-12-06 13:52:58 UTC,18775,70
2015-12-06 13:58:54 UTC,18787,70
2015-12-06 14:04:49 UTC,18798,73
2015-12-06 14:07:47 UTC,18804,73
2015-12-06 14:13:44 UTC,18816,73
2015-12-06 14:19:39 UTC,18827,73
2015-12-06 14:25:35 UTC,18838,71
2015-12-06 14:28:33 UTC,18844,73
2015-12-06 14:34:28 UTC,18856,71
2015-12-06 14:40:24 UTC,18867,71
2015-12-06 14:43:23 UTC,18873,68
2015-12-06 14:49:21 UTC,18885,71
2015-12-06 14:55:17 UTC,18896,73
2015-12-06 14:58:15 UTC,18902,71
2015-12-06 15:04:13 UTC,18914,71
2015-12-06 15:10:11 UTC,18925,70
2015-12-06 15:13:09 UTC,18931,71
2015-12-06 15:19:07 UTC,18943,71
2015-12-06 15:25:04 UTC,18954,73
2015-12-06 15:28:01 UTC,18960,71
2015-12-06 15:34:01 UTC,18972,71
2015-12-06 15:42:56 UTC,18989,71
2015-12-06 15:48:56 UTC,19000,71
2015-12-06 15:51:53 UTC,19006,71
2015-12-06 15:54:50 UTC,19012,71
2015-12-06 15:57:47 UTC,19018,71
2015-12-06 16:03:44 UTC,19030,71
2015-12-06 16:09:38 UTC,19041,71
2015-12-06 16:12:36 UTC,19047,73
2015-12-06 16:18:31 UTC,19059,71
2015-12-06 16:24:27 UTC,19070,71
2015-12-06 16:30:21 UTC,19081,71
2015-12-06 16:33:19 UTC,19087,71
2015-12-06 16:39:15 UTC,19099,71
2015-12-06 16:45:11 UTC,19110,72
2015-12-06 16:54:07 UTC,19127,71
2015-12-06 17:00:03 UTC,19138,71
2015-12-06 17:05:59 UTC,19149,71
2015-12-06 17:08:57 UTC,19155,71
2015-12-06 17:14:57 UTC,19167,71
2015-12-06 17:17:55 UTC,19173,71
2015-12-06 17:23:51 UTC,19185,71
2015-12-06 17:29:47 UTC,19196,71
2015-12-06 17:35:43 UTC,19207,71
2015-12-06 17:38:40 UTC,19213,71
2015-12-06 17:44:36 UTC,19225,71
2015-12-06 17:50:31 UTC,19236,71
2015-12-06 17:53:30 UTC,19242,72
2015-12-06 17:59:29 UTC,19254,71
2015-12-06 18:05:21 UTC,19265,69
2015-12-06 18:11:18 UTC,19276,71
2015-12-06 18:14:14 UTC,19282,71
2015-12-06 18:20:13 UTC,19294,71
2015-12-06 18:26:07 UTC,19305,70
2015-12-06 18:29:11 UTC,19311,71
2015-12-06 18:35:05 UTC,19322,71
2015-12-06 18:41:00 UTC,19333,73
2015-12-06 18:43:58 UTC,19339,71
2015-12-06 18:49:54 UTC,19351,72
2015-12-06 18:55:49 UTC,19362,71
2015-12-06 19:01:44 UTC,19373,70
2015-12-06 19:04:45 UTC,19379,71
2015-12-06 19:10:41 UTC,19390,70
2015-12-06 19:16:37 UTC,19401,72
2015-12-06 19:19:35 UTC,19407,70
2015-12-06 19:25:31 UTC,19419,70
2015-12-06 19:31:26 UTC,19430,70
2015-12-06 19:34:25 UTC,19436,70
2015-12-06 19:40:22 UTC,19448,72
2015-12-06 19:46:18 UTC,19459,70
2015-12-06 19:49:18 UTC,19465,70
2015-12-06 19:55:16 UTC,19477,70
2015-12-06 20:01:11 UTC,19488,70
2015-12-06 20:04:13 UTC,19494,70
2015-12-06 20:10:08 UTC,19505,70
2015-12-06 20:16:03 UTC,19516,70
2015-12-06 20:19:01 UTC,19522,70
2015-12-06 20:25:00 UTC,19534,70
2015-12-06 20:30:59 UTC,19545,70
2015-12-06 20:34:00 UTC,19551,70
2015-12-06 20:39:56 UTC,19562,70
2015-12-06 20:45:51 UTC,19573,71
2015-12-06 20:48:49 UTC,19579,70
2015-12-06 20:54:47 UTC,19591,70
2015-12-06 21:00:45 UTC,19602,70
2015-12-06 21:06:40 UTC,19613,71
2015-12-06 21:12:38 UTC,19624,70
2015-12-06 21:15:35 UTC,19630,70
2015-12-06 21:21:30 UTC,19642,70
2015-12-06 21:27:30 UTC,19653,70
2015-12-06 21:30:28 UTC,19659,70
2015-12-06 21:36:27 UTC,19671,70
2015-12-06 21:42:26 UTC,19682,70
2015-12-06 21:45:26 UTC,19688,71
2015-12-06 21:51:24 UTC,19699,70
2015-12-06 21:54:24 UTC,19705,70
2015-12-06 22:00:22 UTC,19717,71
2015-12-06 22:06:17 UTC,19728,72
2015-12-06 22:09:16 UTC,19734,70
2015-12-06 22:15:14 UTC,19746,71
2015-12-06 22:21:08 UTC,19757,69
2015-12-06 22:24:09 UTC,19763,69
2015-12-06 22:30:10 UTC,19775,69
2015-12-06 22:39:06 UTC,19792,68
2015-12-06 22:45:02 UTC,19803,69
2015-12-06 22:53:58 UTC,19820,69
2015-12-06 22:59:57 UTC,19831,69
2015-12-06 23:02:57 UTC,19837,71
2015-12-06 23:08:52 UTC,19849,69
2015-12-06 23:14:51 UTC,19860,69
2015-12-06 23:23:44 UTC,19877,69
2015-12-06 23:29:41 UTC,19888,69
2015-12-06 23:35:37 UTC,19899,69
2015-12-06 23:38:35 UTC,19905,69
2015-12-06 23:44:29 UTC,19917,69
2015-12-06 23:50:28 UTC,19928,69
2015-12-06 23:53:28 UTC,19934,69
2015-12-06 23:59:23 UTC,19946,69
2015-12-07 00:05:21 UTC,19957,69
2015-12-07 00:08:20 UTC,19963,69
2015-12-07 00:14:19 UTC,19975,69
2015-12-07 00:20:14 UTC,19986,69
2015-12-07 00:23:13 UTC,19992,69
2015-12-07 00:29:12 UTC,20003,69
2015-12-07 00:32:11 UTC,20009,69
2015-12-07 00:38:06 UTC,20021,69
2015-12-07 00:44:05 UTC,20032,69
2015-12-07 00:47:03 UTC,20038,69
2015-12-07 00:52:58 UTC,20050,70
2015-12-07 00:58:58 UTC,20061,69
2015-12-07 01:01:57 UTC,20067,69
2015-12-07 01:07:55 UTC,20079,69
2015-12-07 01:13:51 UTC,20090,69
2015-12-07 01:16:48 UTC,20096,69
2015-12-07 01:22:49 UTC,20108,69
2015-12-07 01:28:44 UTC,20119,70
2015-12-07 01:31:47 UTC,20125,69
2015-12-07 01:37:44 UTC,20136,68
2015-12-07 01:40:43 UTC,20142,68
2015-12-07 01:43:38 UTC,20148,68
2015-12-07 01:46:38 UTC,20154,68
2015-12-07 01:52:36 UTC,20165,68
2015-12-07 01:58:31 UTC,20176,68
2015-12-07 02:01:31 UTC,20182,70
2015-12-07 02:07:31 UTC,20193,68
2015-12-07 02:10:29 UTC,20199,68
2015-12-07 02:16:25 UTC,20211,68
2015-12-07 02:22:21 UTC,20222,68
2015-12-07 02:25:19 UTC,20228,68
2015-12-07 02:31:13 UTC,20240,68
2015-12-07 02:37:18 UTC,20252,67
2015-12-07 02:43:12 UTC,20263,68
2015-12-07 02:46:21 UTC,20269,69
2015-12-07 02:49:19 UTC,20275,68
2015-12-07 02:55:15 UTC,20287,68
2015-12-07 03:01:11 UTC,20298,68
2015-12-07 03:10:07 UTC,20315,68
2015-12-07 03:16:01 UTC,20326,68
2015-12-07 03:19:04 UTC,20332,68
2015-12-07 03:24:57 UTC,20343,69
2015-12-07 03:30:57 UTC,20355,68
2015-12-07 03:36:53 UTC,20366,69
2015-12-07 03:39:51 UTC,20372,68
2015-12-07 03:45:46 UTC,20384,68
2015-12-07 03:51:45 UTC,20394,68
2015-12-07 04:03:34 UTC,20416,68
2015-12-07 04:06:32 UTC,20422,69
2015-12-07 04:09:29 UTC,20428,68
2015-12-07 04:12:29 UTC,20434,67
2015-12-07 04:18:25 UTC,20445,67
2015-12-07 04:24:21 UTC,20456,67
2015-12-07 04:27:19 UTC,20462,67
2015-12-07 04:33:15 UTC,20474,67
2015-12-07 04:39:10 UTC,20485,67
2015-12-07 04:42:09 UTC,20491,65
2015-12-07 04:48:04 UTC,20503,69
2015-12-07 04:53:59 UTC,20514,67
2015-12-07 05:02:55 UTC,20531,67
2015-12-07 05:08:48 UTC,20542,67
2015-12-07 05:14:45 UTC,20553,67
2015-12-07 05:17:43 UTC,20559,67
2015-12-07 05:23:40 UTC,20571,67
2015-12-07 05:29:35 UTC,20582,69
2015-12-07 05:35:31 UTC,20593,67
2015-12-07 05:38:28 UTC,20599,67
2015-12-07 05:44:22 UTC,20611,67
2015-12-07 05:50:15 UTC,20622,64
2015-12-07 05:56:09 UTC,20633,67
2015-12-07 06:05:02 UTC,20650,67
2015-12-07 06:10:58 UTC,20662,68
2015-12-07 06:16:51 UTC,20673,67
2015-12-07 06:22:47 UTC,20684,67
2015-12-07 06:25:46 UTC,20690,67
2015-12-07 06:31:44 UTC,20701,65
2015-12-07 06:34:43 UTC,20707,65
2015-12-07 06:37:40 UTC,20713,68
2015-12-07 06:40:37 UTC,20719,67
2015-12-07 06:46:32 UTC,20731,67
2015-12-07 06:52:29 UTC,20742,68
2015-12-07 06:55:28 UTC,20748,68
2015-12-07 07:01:23 UTC,20760,67
2015-12-07 07:07:19 UTC,20771,67
2015-12-07 07:16:15 UTC,20788,67
2015-12-07 07:22:12 UTC,20799,67
2015-12-07 07:25:11 UTC,20805,63
2015-12-07 07:31:08 UTC,20817,67
2015-12-07 07:37:04 UTC,20828,66
2015-12-07 07:40:02 UTC,20834,67
2015-12-07 07:46:01 UTC,20846,65
2015-12-07 07:51:58 UTC,20857,66
2015-12-07 07:54:57 UTC,20863,65
2015-12-07 08:00:52 UTC,20875,65
2015-12-07 08:06:47 UTC,20886,66
2015-12-07 08:12:43 UTC,20897,65
2015-12-07 08:15:39 UTC,20903,65
2015-12-07 08:21:38 UTC,20915,68
2015-12-07 08:27:33 UTC,20926,66
2015-12-07 08:30:30 UTC,20932,63
2015-12-07 08:36:26 UTC,20944,64
2015-12-07 08:42:25 UTC,20955,66
2015-12-07 08:48:18 UTC,20966,66
2015-12-07 08:51:20 UTC,20972,64
2015-12-07 08:57:15 UTC,20983,64
2015-12-07 09:03:11 UTC,20994,64
2015-12-07 09:06:06 UTC,21000,66
2015-12-07 09:12:02 UTC,21012,64
2015-12-07 09:17:57 UTC,21023,64
2015-12-07 09:23:51 UTC,21034,64
2015-12-07 09:32:46 UTC,21051,64
2015-12-07 09:38:40 UTC,21062,64
2015-12-07 09:44:34 UTC,21073,64
2015-12-07 09:47:34 UTC,21079,64
2015-12-07 09:53:28 UTC,21091,64
2015-12-07 09:59:24 UTC,21102,64
2015-12-07 10:02:26 UTC,21108,64
2015-12-07 10:08:24 UTC,21120,64
2015-12-07 10:14:22 UTC,21131,64
2015-12-07 10:17:22 UTC,21137,64
2015-12-07 10:23:20 UTC,21148,64
2015-12-07 10:26:18 UTC,21154,64
2015-12-07 10:32:14 UTC,21166,64
2015-12-07 10:38:09 UTC,21177,64
2015-12-07 10:47:04 UTC,21194,63
2015-12-07 10:53:00 UTC,21206,64
2015-12-07 10:58:58 UTC,21217,63
2015-12-07 11:01:57 UTC,21223,63
2015-12-07 11:07:52 UTC,21235,63
2015-12-07 11:13:47 UTC,21245,63
2015-12-07 11:19:43 UTC,21256,63
2015-12-07 11:22:41 UTC,21262,63
2015-12-07 11:28:40 UTC,21274,63
2015-12-07 11:34:37 UTC,21285,64
2015-12-07 11:37:36 UTC,21291,63
2015-12-07 11:43:31 UTC,21302,63
2015-12-07 11:49:27 UTC,21313,63
2015-12-07 11:52:27 UTC,21319,63
2015-12-07 11:58:26 UTC,21331,63
2015-12-07 12:07:21 UTC,21348,63
2015-12-07 12:13:13 UTC,21359,63
2015-12-07 12:19:06 UTC,21370,63
2015-12-07 12:25:03 UTC,21381,63
2015-12-07 12:28:00 UTC,21387,63
2015-12-07 12:33:57 UTC,21399,63
2015-12-07 12:39:49 UTC,21410,63
2015-12-07 12:45:45 UTC,21421,63
2015-12-07 12:48:42 UTC,21427,63
2015-12-07 12:54:40 UTC,21439,63
2015-12-07 13:00:36 UTC,21450,63
2015-12-07 13:03:34 UTC,21456,63
2015-12-07 13:09:33 UTC,21468,63
2015-12-07 13:15:26 UTC,21479,62
2015-12-07 13:21:22 UTC,21490,62
2015-12-07 13:24:22 UTC,21496,62
2015-12-07 13:30:18 UTC,21508,60
2015-12-07 13:36:14 UTC,21519,62
2015-12-07 13:39:11 UTC,21525,62
2015-12-07 13:45:05 UTC,21537,62
2015-12-07 13:51:02 UTC,21549,62
2015-12-07 13:56:58 UTC,21560,62
2015-12-07 13:59:55 UTC,21566,62
2015-12-07 14:05:53 UTC,21578,62
2015-12-07 14:11:52 UTC,21589,62
2015-12-07 14:14:50 UTC,21595,62
2015-12-07 14:20:45 UTC,21607,62
2015-12-07 14:26:40 UTC,21618,61
2015-12-07 14:32:38 UTC,21629,62
2015-12-07 14:35:35 UTC,21635,60
2015-12-07 14:41:34 UTC,21647,61
2015-12-07 14:47:29 UTC,21658,61
2015-12-07 14:50:28 UTC,21664,61
2015-12-07 14:56:24 UTC,21676,61
2015-12-07 15:02:22 UTC,21687,61
2015-12-07 15:05:21 UTC,21693,61
2015-12-07 15:11:16 UTC,21705,61
2015-12-07 15:17:12 UTC,21716,61
2015-12-07 15:20:12 UTC,21722,61
2015-12-07 15:26:08 UTC,21734,61
2015-12-07 15:32:06 UTC,21745,61
2015-12-07 15:35:06 UTC,21751,61
2015-12-07 15:41:01 UTC,21763,61
2015-12-07 15:46:57 UTC,21774,61
2015-12-07 15:49:57 UTC,21780,61
2015-12-07 15:55:53 UTC,21792,60
2015-12-07 16:01:51 UTC,21803,61
2015-12-07 16:07:45 UTC,21814,60
2015-12-07 16:10:45 UTC,21820,60
2015-12-07 16:16:40 UTC,21831,60
2015-12-07 16:22:36 UTC,21842,60
2015-12-07 16:25:34 UTC,21848,60
2015-12-07 16:31:29 UTC,21860,60
2015-12-07 16:37:28 UTC,21871,60
2015-12-07 16:40:25 UTC,21877,61
2015-12-07 16:46:21 UTC,21889,60
2015-12-07 16:52:19 UTC,21900,61
2015-12-07 17:01:11 UTC,21917,60
2015-12-07 17:07:08 UTC,21929,60
2015-12-07 17:13:04 UTC,21940,60
2015-12-07 17:16:02 UTC,21946,60
2015-12-07 17:21:57 UTC,21958,60
2015-12-07 17:27:53 UTC,21969,60
2015-12-07 17:33:49 UTC,21980,60
2015-12-07 17:36:47 UTC,21986,60
2015-12-07 17:42:43 UTC,21998,57
2015-12-07 17:48:39 UTC,22009,60
2015-12-07 17:51:37 UTC,22015,60
2015-12-07 17:57:37 UTC,22027,60
2015-12-07 18:06:33 UTC,22044,60
2015-12-07 18:12:29 UTC,22055,60
2015-12-07 18:18:25 UTC,22066,60
2015-12-07 18:24:19 UTC,22077,60
2015-12-07 18:27:19 UTC,22083,60
2015-12-07 18:33:15 UTC,22094,60
2015-12-07 18:36:15 UTC,22100,60
2015-12-07 18:42:13 UTC,22112,60
2015-12-07 18:48:13 UTC,22123,60
2015-12-07 18:51:10 UTC,22129,60
2015-12-07 18:57:08 UTC,22141,60
2015-12-07 19:00:12 UTC,22147,60
2015-12-07 19:06:08 UTC,22159,60
2015-12-07 19:12:04 UTC,22170,60
2015-12-07 19:15:04 UTC,22176,60
2015-12-07 19:21:00 UTC,22188,60
2015-12-07 19:26:56 UTC,22199,60
2015-12-07 19:32:52 UTC,22209,60
2015-12-07 19:35:50 UTC,22215,60
2015-12-07 19:41:45 UTC,22227,60
2015-12-07 19:47:43 UTC,22238,60
2015-12-07 19:50:42 UTC,22244,60
2015-12-07 19:56:38 UTC,22256,60
2015-12-07 20:02:34 UTC,22267,60
2015-12-07 20:05:35 UTC,22273,60
2015-12-07 20:11:32 UTC,22285,60
2015-12-07 20:17:27 UTC,22296,60
2015-12-07 20:23:24 UTC,22307,60
2015-12-07 20:26:23 UTC,22313,60
2015-12-07 20:32:20 UTC,22324,60
2015-12-07 20:35:20 UTC,22330,60
2015-12-07 20:38:16 UTC,22336,60
2015-12-07 20:41:16 UTC,22342,60
2015-12-07 20:47:14 UTC,22353,60
2015-12-07 20:50:12 UTC,22359,60
2015-12-07 20:53:09 UTC,22365,60
2015-12-07 20:56:07 UTC,22371,57
2015-12-07 21:02:03 UTC,22383,60
2015-12-07 21:07:59 UTC,22394,60
2015-12-07 21:10:57 UTC,22400,60
2015-12-07 21:16:54 UTC,22412,60
2015-12-07 21:22:52 UTC,22423,60
2015-12-07 21:25:49 UTC,22429,60
2015-12-07 21:31:45 UTC,22441,59
2015-12-07 21:37:43 UTC,22452,59
2015-12-07 21:43:37 UTC,22463,59
2015-12-07 21:46:35 UTC,22469,59
2015-12-07 21:52:32 UTC,22481,59
2015-12-07 21:58:30 UTC,22492,59
2015-12-07 22:01:30 UTC,22498,59
2015-12-07 22:07:25 UTC,22509,59
2015-12-07 22:13:21 UTC,22520,60
2015-12-07 22:16:18 UTC,22526,62
2015-12-07 22:22:19 UTC,22538,60
2015-12-07 22:31:16 UTC,22555,60
2015-12-07 22:37:12 UTC,22566,60
2015-12-07 22:40:12 UTC,22572,60
2015-12-07 22:43:09 UTC,22578,60
2015-12-07 22:46:06 UTC,22584,60
2015-12-07 22:52:06 UTC,22596,60
2015-12-07 22:57:59 UTC,22607,61
2015-12-07 23:00:55 UTC,22613,60
2015-12-07 23:03:51 UTC,22619,60
2015-12-07 23:06:49 UTC,22625,58
2015-12-07 23:12:48 UTC,22637,58
2015-12-07 23:18:43 UTC,22648,59
2015-12-07 23:21:39 UTC,22654,59
2015-12-07 23:27:37 UTC,22666,59
2015-12-07 23:33:33 UTC,22677,59
2015-12-07 23:36:33 UTC,22683,59
2015-12-07 23:42:31 UTC,22695,58
2015-12-07 23:48:30 UTC,22706,58
2015-12-07 23:51:28 UTC,22712,58
2015-12-07 23:57:27 UTC,22724,58
2015-12-08 00:00:26 UTC,22730,59
2015-12-08 00:06:24 UTC,22742,57
2015-12-08 00:12:19 UTC,22753,57
2015-12-08 00:18:15 UTC,22764,57
2015-12-08 00:21:13 UTC,22770,57
2015-12-08 00:27:09 UTC,22782,56
2015-12-08 00:33:05 UTC,22793,56
2015-12-08 00:36:03 UTC,22799,56
2015-12-08 00:42:00 UTC,22811,57
2015-12-08 00:47:55 UTC,22822,55
2015-12-08 00:53:49 UTC,22833,54
2015-12-08 00:56:49 UTC,22839,54
2015-12-08 01:02:47 UTC,22850,53
2015-12-08 01:11:42 UTC,22867,53
2015-12-08 01:17:40 UTC,22878,53
2015-12-08 01:20:41 UTC,22884,53
2015-12-08 01:26:38 UTC,22896,53
2015-12-08 01:32:35 UTC,22907,54
2015-12-08 01:35:32 UTC,22913,53
2015-12-08 01:41:29 UTC,22925,52
2015-12-08 01:47:28 UTC,22936,52
2015-12-08 01:50:26 UTC,22942,51
2015-12-08 01:56:22 UTC,22954,51
2015-12-08 02:02:16 UTC,22965,51
2015-12-08 02:08:12 UTC,22976,50
2015-12-08 02:11:08 UTC,22982,50
2015-12-08 02:17:06 UTC,22994,49
2015-12-08 02:23:01 UTC,23005,49
2015-12-08 02:28:57 UTC,23016,47
2015-12-08 02:34:51 UTC,23027,46
2015-12-08 02:40:42 UTC,23038,48
2015-12-08 02:46:40 UTC,23050,44
2015-12-08 02:52:35 UTC,23061,46
2015-12-08 02:55:34 UTC,23067,46
2015-12-08 03:01:31 UTC,23079,47
2015-12-08 03:07:28 UTC,23090,45
2015-12-08 03:13:24 UTC,23101,44
2015-12-08 03:16:23 UTC,23107,44
2015-12-08 03:22:18 UTC,23119,43
2015-12-08 03:28:10 UTC,23130,43
2015-12-08 03:34:06 UTC,23141,44
2015-12-08 03:37:04 UTC,23147,42
2015-12-08 03:43:02 UTC,23159,43
2015-12-08 03:52:05 UTC,23176,41
2015-12-08 03:57:58 UTC,23187,41
2015-12-08 04:03:57 UTC,23199,39
2015-12-08 04:09:52 UTC,23210,38
2015-12-08 04:15:50 UTC,23221,38
2015-12-08 04:18:48 UTC,23227,37
2015-12-08 04:24:45 UTC,23238,36
2015-12-08 04:27:45 UTC,23244,36
2015-12-08 04:33:43 UTC,23256,35
2015-12-08 04:39:43 UTC,23267,34
2015-12-08 04:42:41 UTC,23273,35
2015-12-08 04:48:41 UTC,23285,32
2015-12-08 04:51:41 UTC,23291,32
2015-12-08 04:57:40 UTC,23303,31
2015-12-08 05:03:34 UTC,23314,28
2015-12-08 05:12:30 UTC,23331,28
2015-12-08 05:18:28 UTC,23342,24
2015-12-08 05:21:25 UTC,23348,24
2015-12-08 05:27:23 UTC,23360,25
2015-12-08 05:33:20 UTC,23371,23
2015-12-08 05:36:19 UTC,23377,21
2015-12-08 05:42:19 UTC,23389,20
2015-12-08 05:51:19 UTC,23406,18
2015-12-08 05:57:19 UTC,23417,14
2015-12-08 06:00:15 UTC,23423,12
2015-12-08 06:06:12 UTC,23435,9
2015-12-08 06:12:09 UTC,23446,8
2015-12-08 06:15:06 UTC,23452,6
2015-12-08 06:21:04 UTC,23464,2
2015-12-08 06:27:01 UTC,23475,-2
2015-12-08 12:12:37 UTC,24126,8
2015-12-08 12:18:32 UTC,24138,39
2015-12-08 12:24:28 UTC,24149,50
2015-12-08 12:30:24 UTC,24160,55
2015-12-08 12:33:21 UTC,24166,58
2015-12-08 12:39:22 UTC,24178,61
2015-12-08 12:48:17 UTC,24195,70
2015-12-08 12:54:16 UTC,24206,68
2015-12-08 12:57:15 UTC,24212,68
2015-12-08 13:03:11 UTC,24224,71
2015-12-08 13:09:06 UTC,24235,67
2015-12-08 13:12:05 UTC,24241,68
2015-12-08 13:15:02 UTC,24247,67
2015-12-08 13:17:59 UTC,24253,70
2015-12-08 13:23:58 UTC,24265,70
2015-12-08 13:29:53 UTC,24276,64
2015-12-08 13:35:50 UTC,24287,70
2015-12-08 13:38:49 UTC,24293,73
2015-12-08 13:44:44 UTC,24305,66
2015-12-08 13:50:40 UTC,24316,74
2015-12-08 13:56:35 UTC,24327,77
2015-12-08 13:59:33 UTC,24333,73
2015-12-08 14:05:29 UTC,24345,82
2015-12-08 14:11:24 UTC,24356,76
2015-12-08 14:14:22 UTC,24362,76
2015-12-08 14:20:18 UTC,24374,77
2015-12-08 14:26:14 UTC,24385,65
2015-12-08 14:32:11 UTC,24396,75
2015-12-08 14:35:10 UTC,24402,79
2015-12-08 14:41:09 UTC,24413,79
2015-12-08 14:44:07 UTC,24419,76
